features,MAE,RMSE,R_square
only temp,178685.5112,0.208046065,0.00467869
only materials,190675.2241,0.208995729,0.025332734
only wave shape,25648.09729,0.016872164,0.99364333
temp+materials,184349.3941,0.206198969,0.026977424
temp+wave shape,14317.67951,0.00986624,0.997769931
materials+wave shape,14527.07382,0.010158732,0.997575644
