models,MAE,RMSE,R_square
xgboost,2045.284817,0.002237868,0.99987125
RF,27380.2117,0.03360394,0.970969259
DT,66492.33436,0.097272483,0.756747268
SVR,97745.7662,0.162728119,0.31922605
KRR,101347.5602,0.173385378,0.227136749
LGR,113502.52,0.193731331,0.035110802
